20,20,20,20,20,20,20,20,20,20,20,20,20,20,20,12,11,7,2,18,19,5,19,18,19,12,10,14,10,3,0
20,20,20,20,20,20,20,20,20,20,20,20,20,20,12,11,7,2,18,19,5,19,18,19,12,10,14,10,3,0,19
20,20,20,20,20,20,20,20,20,20,20,20,20,12,11,7,2,18,19,5,19,18,19,12,10,14,10,3,0,19,15
20,20,20,20,20,20,20,20,20,20,20,20,12,11,7,2,18,19,5,19,18,19,12,10,14,10,3,0,19,15,19
20,20,20,20,20,20,20,20,20,20,20,12,11,7,2,18,19,5,19,18,19,12,10,14,10,3,0,19,15,19,2
20,20,20,20,20,20,20,20,20,20,12,11,7,2,18,19,5,19,18,19,12,10,14,10,3,0,19,15,19,2,2
20,20,20,20,20,20,20,20,20,12,11,7,2,18,19,5,19,18,19,12,10,14,10,3,0,19,15,19,2,2,1
20,20,20,20,20,20,20,20,12,11,7,2,18,19,5,19,18,19,12,10,14,10,3,0,19,15,19,2,2,1,13
20,20,20,20,20,20,20,12,11,7,2,18,19,5,19,18,19,12,10,14,10,3,0,19,15,19,2,2,1,13,6
20,20,20,20,20,20,12,11,7,2,18,19,5,19,18,19,12,10,14,10,3,0,19,15,19,2,2,1,13,6,11
20,20,20,20,20,12,11,7,2,18,19,5,19,18,19,12,10,14,10,3,0,19,15,19,2,2,1,13,6,11,7
20,20,20,20,12,11,7,2,18,19,5,19,18,19,12,10,14,10,3,0,19,15,19,2,2,1,13,6,11,7,3
20,20,20,12,11,7,2,18,19,5,19,18,19,12,10,14,10,3,0,19,15,19,2,2,1,13,6,11,7,3,6
20,20,12,11,7,2,18,19,5,19,18,19,12,10,14,10,3,0,19,15,19,2,2,1,13,6,11,7,3,6,10
20,12,11,7,2,18,19,5,19,18,19,12,10,14,10,3,0,19,15,19,2,2,1,13,6,11,7,3,6,10,1
12,11,7,2,18,19,5,19,18,19,12,10,14,10,3,0,19,15,19,2,2,1,13,6,11,7,3,6,10,1,0
11,7,2,18,19,5,19,18,19,12,10,14,10,3,0,19,15,19,2,2,1,13,6,11,7,3,6,10,1,0,5
7,2,18,19,5,19,18,19,12,10,14,10,3,0,19,15,19,2,2,1,13,6,11,7,3,6,10,1,0,5,10
2,18,19,5,19,18,19,12,10,14,10,3,0,19,15,19,2,2,1,13,6,11,7,3,6,10,1,0,5,10,1
18,19,5,19,18,19,12,10,14,10,3,0,19,15,19,2,2,1,13,6,11,7,3,6,10,1,0,5,10,1,11
19,5,19,18,19,12,10,14,10,3,0,19,15,19,2,2,1,13,6,11,7,3,6,10,1,0,5,10,1,11,10
5,19,18,19,12,10,14,10,3,0,19,15,19,2,2,1,13,6,11,7,3,6,10,1,0,5,10,1,11,10,19
19,18,19,12,10,14,10,3,0,19,15,19,2,2,1,13,6,11,7,3,6,10,1,0,5,10,1,11,10,19,6
18,19,12,10,14,10,3,0,19,15,19,2,2,1,13,6,11,7,3,6,10,1,0,5,10,1,11,10,19,6,0
19,12,10,14,10,3,0,19,15,19,2,2,1,13,6,11,7,3,6,10,1,0,5,10,1,11,10,19,6,0,7
12,10,14,10,3,0,19,15,19,2,2,1,13,6,11,7,3,6,10,1,0,5,10,1,11,10,19,6,0,7,19
10,14,10,3,0,19,15,19,2,2,1,13,6,11,7,3,6,10,1,0,5,10,1,11,10,19,6,0,7,19,3
14,10,3,0,19,15,19,2,2,1,13,6,11,7,3,6,10,1,0,5,10,1,11,10,19,6,0,7,19,3,7
10,3,0,19,15,19,2,2,1,13,6,11,7,3,6,10,1,0,5,10,1,11,10,19,6,0,7,19,3,7,19
3,0,19,15,19,2,2,1,13,6,11,7,3,6,10,1,0,5,10,1,11,10,19,6,0,7,19,3,7,19,12
0,19,15,19,2,2,1,13,6,11,7,3,6,10,1,0,5,10,1,11,10,19,6,0,7,19,3,7,19,12,19
19,15,19,2,2,1,13,6,11,7,3,6,10,1,0,5,10,1,11,10,19,6,0,7,19,3,7,19,12,19,3
15,19,2,2,1,13,6,11,7,3,6,10,1,0,5,10,1,11,10,19,6,0,7,19,3,7,19,12,19,3,19
19,2,2,1,13,6,11,7,3,6,10,1,0,5,10,1,11,10,19,6,0,7,19,3,7,19,12,19,3,19,17
2,2,1,13,6,11,7,3,6,10,1,0,5,10,1,11,10,19,6,0,7,19,3,7,19,12,19,3,19,17,17
2,1,13,6,11,7,3,6,10,1,0,5,10,1,11,10,19,6,0,7,19,3,7,19,12,19,3,19,17,17,7
1,13,6,11,7,3,6,10,1,0,5,10,1,11,10,19,6,0,7,19,3,7,19,12,19,3,19,17,17,7,10
13,6,11,7,3,6,10,1,0,5,10,1,11,10,19,6,0,7,19,3,7,19,12,19,3,19,17,17,7,10,19
6,11,7,3,6,10,1,0,5,10,1,11,10,19,6,0,7,19,3,7,19,12,19,3,19,17,17,7,10,19,6
11,7,3,6,10,1,0,5,10,1,11,10,19,6,0,7,19,3,7,19,12,19,3,19,17,17,7,10,19,6,7
7,3,6,10,1,0,5,10,1,11,10,19,6,0,7,19,3,7,19,12,19,3,19,17,17,7,10,19,6,7,11
3,6,10,1,0,5,10,1,11,10,19,6,0,7,19,3,7,19,12,19,3,19,17,17,7,10,19,6,7,11,7
6,10,1,0,5,10,1,11,10,19,6,0,7,19,3,7,19,12,19,3,19,17,17,7,10,19,6,7,11,7,14
10,1,0,5,10,1,11,10,19,6,0,7,19,3,7,19,12,19,3,19,17,17,7,10,19,6,7,11,7,14,11
1,0,5,10,1,11,10,19,6,0,7,19,3,7,19,12,19,3,19,17,17,7,10,19,6,7,11,7,14,11,0
0,5,10,1,11,10,19,6,0,7,19,3,7,19,12,19,3,19,17,17,7,10,19,6,7,11,7,14,11,0,18
5,10,1,11,10,19,6,0,7,19,3,7,19,12,19,3,19,17,17,7,10,19,6,7,11,7,14,11,0,18,3
10,1,11,10,19,6,0,7,19,3,7,19,12,19,3,19,17,17,7,10,19,6,7,11,7,14,11,0,18,3,17
1,11,10,19,6,0,7,19,3,7,19,12,19,3,19,17,17,7,10,19,6,7,11,7,14,11,0,18,3,17,15
11,10,19,6,0,7,19,3,7,19,12,19,3,19,17,17,7,10,19,6,7,11,7,14,11,0,18,3,17,15,0
10,19,6,0,7,19,3,7,19,12,19,3,19,17,17,7,10,19,6,7,11,7,14,11,0,18,3,17,15,0,18
19,6,0,7,19,3,7,19,12,19,3,19,17,17,7,10,19,6,7,11,7,14,11,0,18,3,17,15,0,18,11
6,0,7,19,3,7,19,12,19,3,19,17,17,7,10,19,6,7,11,7,14,11,0,18,3,17,15,0,18,11,5
0,7,19,3,7,19,12,19,3,19,17,17,7,10,19,6,7,11,7,14,11,0,18,3,17,15,0,18,11,5,10
7,19,3,7,19,12,19,3,19,17,17,7,10,19,6,7,11,7,14,11,0,18,3,17,15,0,18,11,5,10,13
19,3,7,19,12,19,3,19,17,17,7,10,19,6,7,11,7,14,11,0,18,3,17,15,0,18,11,5,10,13,6
3,7,19,12,19,3,19,17,17,7,10,19,6,7,11,7,14,11,0,18,3,17,15,0,18,11,5,10,13,6,10
7,19,12,19,3,19,17,17,7,10,19,6,7,11,7,14,11,0,18,3,17,15,0,18,11,5,10,13,6,10,19
19,12,19,3,19,17,17,7,10,19,6,7,11,7,14,11,0,18,3,17,15,0,18,11,5,10,13,6,10,19,5
12,19,3,19,17,17,7,10,19,6,7,11,7,14,11,0,18,3,17,15,0,18,11,5,10,13,6,10,19,5,11
19,3,19,17,17,7,10,19,6,7,11,7,14,11,0,18,3,17,15,0,18,11,5,10,13,6,10,19,5,11,0
3,19,17,17,7,10,19,6,7,11,7,14,11,0,18,3,17,15,0,18,11,5,10,13,6,10,19,5,11,0,7
19,17,17,7,10,19,6,7,11,7,14,11,0,18,3,17,15,0,18,11,5,10,13,6,10,19,5,11,0,7,10
17,17,7,10,19,6,7,11,7,14,11,0,18,3,17,15,0,18,11,5,10,13,6,10,19,5,11,0,7,10,11
17,7,10,19,6,7,11,7,14,11,0,18,3,17,15,0,18,11,5,10,13,6,10,19,5,11,0,7,10,11,10
7,10,19,6,7,11,7,14,11,0,18,3,17,15,0,18,11,5,10,13,6,10,19,5,11,0,7,10,11,10,5
10,19,6,7,11,7,14,11,0,18,3,17,15,0,18,11,5,10,13,6,10,19,5,11,0,7,10,11,10,5,0
19,6,7,11,7,14,11,0,18,3,17,15,0,18,11,5,10,13,6,10,19,5,11,0,7,10,11,10,5,0,9
6,7,11,7,14,11,0,18,3,17,15,0,18,11,5,10,13,6,10,19,5,11,0,7,10,11,10,5,0,9,12
7,11,7,14,11,0,18,3,17,15,0,18,11,5,10,13,6,10,19,5,11,0,7,10,11,10,5,0,9,12,15
11,7,14,11,0,18,3,17,15,0,18,11,5,10,13,6,10,19,5,11,0,7,10,11,10,5,0,9,12,15,13
7,14,11,0,18,3,17,15,0,18,11,5,10,13,6,10,19,5,11,0,7,10,11,10,5,0,9,12,15,13,8
14,11,0,18,3,17,15,0,18,11,5,10,13,6,10,19,5,11,0,7,10,11,10,5,0,9,12,15,13,8,5
11,0,18,3,17,15,0,18,11,5,10,13,6,10,19,5,11,0,7,10,11,10,5,0,9,12,15,13,8,5,4
0,18,3,17,15,0,18,11,5,10,13,6,10,19,5,11,0,7,10,11,10,5,0,9,12,15,13,8,5,4,7
18,3,17,15,0,18,11,5,10,13,6,10,19,5,11,0,7,10,11,10,5,0,9,12,15,13,8,5,4,7,7
3,17,15,0,18,11,5,10,13,6,10,19,5,11,0,7,10,11,10,5,0,9,12,15,13,8,5,4,7,7,2
17,15,0,18,11,5,10,13,6,10,19,5,11,0,7,10,11,10,5,0,9,12,15,13,8,5,4,7,7,2,19
15,0,18,11,5,10,13,6,10,19,5,11,0,7,10,11,10,5,0,9,12,15,13,8,5,4,7,7,2,19,7
0,18,11,5,10,13,6,10,19,5,11,0,7,10,11,10,5,0,9,12,15,13,8,5,4,7,7,2,19,7,3
18,11,5,10,13,6,10,19,5,11,0,7,10,11,10,5,0,9,12,15,13,8,5,4,7,7,2,19,7,3,0
11,5,10,13,6,10,19,5,11,0,7,10,11,10,5,0,9,12,15,13,8,5,4,7,7,2,19,7,3,0,19
5,10,13,6,10,19,5,11,0,7,10,11,10,5,0,9,12,15,13,8,5,4,7,7,2,19,7,3,0,19,2
10,13,6,10,19,5,11,0,7,10,11,10,5,0,9,12,15,13,8,5,4,7,7,2,19,7,3,0,19,2,9
13,6,10,19,5,11,0,7,10,11,10,5,0,9,12,15,13,8,5,4,7,7,2,19,7,3,0,19,2,9,14
6,10,19,5,11,0,7,10,11,10,5,0,9,12,15,13,8,5,4,7,7,2,19,7,3,0,19,2,9,14,9
10,19,5,11,0,7,10,11,10,5,0,9,12,15,13,8,5,4,7,7,2,19,7,3,0,19,2,9,14,9,14
19,5,11,0,7,10,11,10,5,0,9,12,15,13,8,5,4,7,7,2,19,7,3,0,19,2,9,14,9,14,5
5,11,0,7,10,11,10,5,0,9,12,15,13,8,5,4,7,7,2,19,7,3,0,19,2,9,14,9,14,5,17
11,0,7,10,11,10,5,0,9,12,15,13,8,5,4,7,7,2,19,7,3,0,19,2,9,14,9,14,5,17,19
0,7,10,11,10,5,0,9,12,15,13,8,5,4,7,7,2,19,7,3,0,19,2,9,14,9,14,5,17,19,1
7,10,11,10,5,0,9,12,15,13,8,5,4,7,7,2,19,7,3,0,19,2,9,14,9,14,5,17,19,1,3
10,11,10,5,0,9,12,15,13,8,5,4,7,7,2,19,7,3,0,19,2,9,14,9,14,5,17,19,1,3,19
11,10,5,0,9,12,15,13,8,5,4,7,7,2,19,7,3,0,19,2,9,14,9,14,5,17,19,1,3,19,7
10,5,0,9,12,15,13,8,5,4,7,7,2,19,7,3,0,19,2,9,14,9,14,5,17,19,1,3,19,7,16
5,0,9,12,15,13,8,5,4,7,7,2,19,7,3,0,19,2,9,14,9,14,5,17,19,1,3,19,7,16,1
0,9,12,15,13,8,5,4,7,7,2,19,7,3,0,19,2,9,14,9,14,5,17,19,1,3,19,7,16,1,3
9,12,15,13,8,5,4,7,7,2,19,7,3,0,19,2,9,14,9,14,5,17,19,1,3,19,7,16,1,3,14
12,15,13,8,5,4,7,7,2,19,7,3,0,19,2,9,14,9,14,5,17,19,1,3,19,7,16,1,3,14,3
15,13,8,5,4,7,7,2,19,7,3,0,19,2,9,14,9,14,5,17,19,1,3,19,7,16,1,3,14,3,9
13,8,5,4,7,7,2,19,7,3,0,19,2,9,14,9,14,5,17,19,1,3,19,7,16,1,3,14,3,9,13
8,5,4,7,7,2,19,7,3,0,19,2,9,14,9,14,5,17,19,1,3,19,7,16,1,3,14,3,9,13,18
5,4,7,7,2,19,7,3,0,19,2,9,14,9,14,5,17,19,1,3,19,7,16,1,3,14,3,9,13,18,16
4,7,7,2,19,7,3,0,19,2,9,14,9,14,5,17,19,1,3,19,7,16,1,3,14,3,9,13,18,16,3
7,7,2,19,7,3,0,19,2,9,14,9,14,5,17,19,1,3,19,7,16,1,3,14,3,9,13,18,16,3,7
7,2,19,7,3,0,19,2,9,14,9,14,5,17,19,1,3,19,7,16,1,3,14,3,9,13,18,16,3,7,8
2,19,7,3,0,19,2,9,14,9,14,5,17,19,1,3,19,7,16,1,3,14,3,9,13,18,16,3,7,8,7
19,7,3,0,19,2,9,14,9,14,5,17,19,1,3,19,7,16,1,3,14,3,9,13,18,16,3,7,8,7,16
7,3,0,19,2,9,14,9,14,5,17,19,1,3,19,7,16,1,3,14,3,9,13,18,16,3,7,8,7,16,1
3,0,19,2,9,14,9,14,5,17,19,1,3,19,7,16,1,3,14,3,9,13,18,16,3,7,8,7,16,1,2
0,19,2,9,14,9,14,5,17,19,1,3,19,7,16,1,3,14,3,9,13,18,16,3,7,8,7,16,1,2,9
19,2,9,14,9,14,5,17,19,1,3,19,7,16,1,3,14,3,9,13,18,16,3,7,8,7,16,1,2,9,6
2,9,14,9,14,5,17,19,1,3,19,7,16,1,3,14,3,9,13,18,16,3,7,8,7,16,1,2,9,6,18
9,14,9,14,5,17,19,1,3,19,7,16,1,3,14,3,9,13,18,16,3,7,8,7,16,1,2,9,6,18,10
14,9,14,5,17,19,1,3,19,7,16,1,3,14,3,9,13,18,16,3,7,8,7,16,1,2,9,6,18,10,16
9,14,5,17,19,1,3,19,7,16,1,3,14,3,9,13,18,16,3,7,8,7,16,1,2,9,6,18,10,16,10
14,5,17,19,1,3,19,7,16,1,3,14,3,9,13,18,16,3,7,8,7,16,1,2,9,6,18,10,16,10,7
5,17,19,1,3,19,7,16,1,3,14,3,9,13,18,16,3,7,8,7,16,1,2,9,6,18,10,16,10,7,19
17,19,1,3,19,7,16,1,3,14,3,9,13,18,16,3,7,8,7,16,1,2,9,6,18,10,16,10,7,19,3
19,1,3,19,7,16,1,3,14,3,9,13,18,16,3,7,8,7,16,1,2,9,6,18,10,16,10,7,19,3,2
1,3,19,7,16,1,3,14,3,9,13,18,16,3,7,8,7,16,1,2,9,6,18,10,16,10,7,19,3,2,5
3,19,7,16,1,3,14,3,9,13,18,16,3,7,8,7,16,1,2,9,6,18,10,16,10,7,19,3,2,5,14
19,7,16,1,3,14,3,9,13,18,16,3,7,8,7,16,1,2,9,6,18,10,16,10,7,19,3,2,5,14,10
7,16,1,3,14,3,9,13,18,16,3,7,8,7,16,1,2,9,6,18,10,16,10,7,19,3,2,5,14,10,13
16,1,3,14,3,9,13,18,16,3,7,8,7,16,1,2,9,6,18,10,16,10,7,19,3,2,5,14,10,13,8
1,3,14,3,9,13,18,16,3,7,8,7,16,1,2,9,6,18,10,16,10,7,19,3,2,5,14,10,13,8,7
3,14,3,9,13,18,16,3,7,8,7,16,1,2,9,6,18,10,16,10,7,19,3,2,5,14,10,13,8,7,1
14,3,9,13,18,16,3,7,8,7,16,1,2,9,6,18,10,16,10,7,19,3,2,5,14,10,13,8,7,1,15
3,9,13,18,16,3,7,8,7,16,1,2,9,6,18,10,16,10,7,19,3,2,5,14,10,13,8,7,1,15,0
9,13,18,16,3,7,8,7,16,1,2,9,6,18,10,16,10,7,19,3,2,5,14,10,13,8,7,1,15,0,19
13,18,16,3,7,8,7,16,1,2,9,6,18,10,16,10,7,19,3,2,5,14,10,13,8,7,1,15,0,19,5
18,16,3,7,8,7,16,1,2,9,6,18,10,16,10,7,19,3,2,5,14,10,13,8,7,1,15,0,19,5,12
16,3,7,8,7,16,1,2,9,6,18,10,16,10,7,19,3,2,5,14,10,13,8,7,1,15,0,19,5,12,18
3,7,8,7,16,1,2,9,6,18,10,16,10,7,19,3,2,5,14,10,13,8,7,1,15,0,19,5,12,18,0
7,8,7,16,1,2,9,6,18,10,16,10,7,19,3,2,5,14,10,13,8,7,1,15,0,19,5,12,18,0,3
8,7,16,1,2,9,6,18,10,16,10,7,19,3,2,5,14,10,13,8,7,1,15,0,19,5,12,18,0,3,18
7,16,1,2,9,6,18,10,16,10,7,19,3,2,5,14,10,13,8,7,1,15,0,19,5,12,18,0,3,18,12
16,1,2,9,6,18,10,16,10,7,19,3,2,5,14,10,13,8,7,1,15,0,19,5,12,18,0,3,18,12,16
1,2,9,6,18,10,16,10,7,19,3,2,5,14,10,13,8,7,1,15,0,19,5,12,18,0,3,18,12,16,15
2,9,6,18,10,16,10,7,19,3,2,5,14,10,13,8,7,1,15,0,19,5,12,18,0,3,18,12,16,15,13
9,6,18,10,16,10,7,19,3,2,5,14,10,13,8,7,1,15,0,19,5,12,18,0,3,18,12,16,15,13,1
6,18,10,16,10,7,19,3,2,5,14,10,13,8,7,1,15,0,19,5,12,18,0,3,18,12,16,15,13,1,6
18,10,16,10,7,19,3,2,5,14,10,13,8,7,1,15,0,19,5,12,18,0,3,18,12,16,15,13,1,6,2
10,16,10,7,19,3,2,5,14,10,13,8,7,1,15,0,19,5,12,18,0,3,18,12,16,15,13,1,6,2,12
16,10,7,19,3,2,5,14,10,13,8,7,1,15,0,19,5,12,18,0,3,18,12,16,15,13,1,6,2,12,11
10,7,19,3,2,5,14,10,13,8,7,1,15,0,19,5,12,18,0,3,18,12,16,15,13,1,6,2,12,11,3
7,19,3,2,5,14,10,13,8,7,1,15,0,19,5,12,18,0,3,18,12,16,15,13,1,6,2,12,11,3,13
19,3,2,5,14,10,13,8,7,1,15,0,19,5,12,18,0,3,18,12,16,15,13,1,6,2,12,11,3,13,10
3,2,5,14,10,13,8,7,1,15,0,19,5,12,18,0,3,18,12,16,15,13,1,6,2,12,11,3,13,10,3
2,5,14,10,13,8,7,1,15,0,19,5,12,18,0,3,18,12,16,15,13,1,6,2,12,11,3,13,10,3,0
5,14,10,13,8,7,1,15,0,19,5,12,18,0,3,18,12,16,15,13,1,6,2,12,11,3,13,10,3,0,7
14,10,13,8,7,1,15,0,19,5,12,18,0,3,18,12,16,15,13,1,6,2,12,11,3,13,10,3,0,7,19
10,13,8,7,1,15,0,19,5,12,18,0,3,18,12,16,15,13,1,6,2,12,11,3,13,10,3,0,7,19,9
13,8,7,1,15,0,19,5,12,18,0,3,18,12,16,15,13,1,6,2,12,11,3,13,10,3,0,7,19,9,19
8,7,1,15,0,19,5,12,18,0,3,18,12,16,15,13,1,6,2,12,11,3,13,10,3,0,7,19,9,19,3
7,1,15,0,19,5,12,18,0,3,18,12,16,15,13,1,6,2,12,11,3,13,10,3,0,7,19,9,19,3,9
1,15,0,19,5,12,18,0,3,18,12,16,15,13,1,6,2,12,11,3,13,10,3,0,7,19,9,19,3,9,6
15,0,19,5,12,18,0,3,18,12,16,15,13,1,6,2,12,11,3,13,10,3,0,7,19,9,19,3,9,6,19
0,19,5,12,18,0,3,18,12,16,15,13,1,6,2,12,11,3,13,10,3,0,7,19,9,19,3,9,6,19,7
19,5,12,18,0,3,18,12,16,15,13,1,6,2,12,11,3,13,10,3,0,7,19,9,19,3,9,6,19,7,10
5,12,18,0,3,18,12,16,15,13,1,6,2,12,11,3,13,10,3,0,7,19,9,19,3,9,6,19,7,10,7
12,18,0,3,18,12,16,15,13,1,6,2,12,11,3,13,10,3,0,7,19,9,19,3,9,6,19,7,10,7,14
18,0,3,18,12,16,15,13,1,6,2,12,11,3,13,10,3,0,7,19,9,19,3,9,6,19,7,10,7,14,0
0,3,18,12,16,15,13,1,6,2,12,11,3,13,10,3,0,7,19,9,19,3,9,6,19,7,10,7,14,0,7
3,18,12,16,15,13,1,6,2,12,11,3,13,10,3,0,7,19,9,19,3,9,6,19,7,10,7,14,0,7,6
18,12,16,15,13,1,6,2,12,11,3,13,10,3,0,7,19,9,19,3,9,6,19,7,10,7,14,0,7,6,10
12,16,15,13,1,6,2,12,11,3,13,10,3,0,7,19,9,19,3,9,6,19,7,10,7,14,0,7,6,10,1
16,15,13,1,6,2,12,11,3,13,10,3,0,7,19,9,19,3,9,6,19,7,10,7,14,0,7,6,10,1,18
15,13,1,6,2,12,11,3,13,10,3,0,7,19,9,19,3,9,6,19,7,10,7,14,0,7,6,10,1,18,14
13,1,6,2,12,11,3,13,10,3,0,7,19,9,19,3,9,6,19,7,10,7,14,0,7,6,10,1,18,14,15
1,6,2,12,11,3,13,10,3,0,7,19,9,19,3,9,6,19,7,10,7,14,0,7,6,10,1,18,14,15,18
6,2,12,11,3,13,10,3,0,7,19,9,19,3,9,6,19,7,10,7,14,0,7,6,10,1,18,14,15,18,14
2,12,11,3,13,10,3,0,7,19,9,19,3,9,6,19,7,10,7,14,0,7,6,10,1,18,14,15,18,14,5
12,11,3,13,10,3,0,7,19,9,19,3,9,6,19,7,10,7,14,0,7,6,10,1,18,14,15,18,14,5,15
11,3,13,10,3,0,7,19,9,19,3,9,6,19,7,10,7,14,0,7,6,10,1,18,14,15,18,14,5,15,8
3,13,10,3,0,7,19,9,19,3,9,6,19,7,10,7,14,0,7,6,10,1,18,14,15,18,14,5,15,8,7
13,10,3,0,7,19,9,19,3,9,6,19,7,10,7,14,0,7,6,10,1,18,14,15,18,14,5,15,8,7,17
10,3,0,7,19,9,19,3,9,6,19,7,10,7,14,0,7,6,10,1,18,14,15,18,14,5,15,8,7,17,15
3,0,7,19,9,19,3,9,6,19,7,10,7,14,0,7,6,10,1,18,14,15,18,14,5,15,8,7,17,15,13
0,7,19,9,19,3,9,6,19,7,10,7,14,0,7,6,10,1,18,14,15,18,14,5,15,8,7,17,15,13,14
7,19,9,19,3,9,6,19,7,10,7,14,0,7,6,10,1,18,14,15,18,14,5,15,8,7,17,15,13,14,7
19,9,19,3,9,6,19,7,10,7,14,0,7,6,10,1,18,14,15,18,14,5,15,8,7,17,15,13,14,7,9
9,19,3,9,6,19,7,10,7,14,0,7,6,10,1,18,14,15,18,14,5,15,8,7,17,15,13,14,7,9,7
19,3,9,6,19,7,10,7,14,0,7,6,10,1,18,14,15,18,14,5,15,8,7,17,15,13,14,7,9,7,6
3,9,6,19,7,10,7,14,0,7,6,10,1,18,14,15,18,14,5,15,8,7,17,15,13,14,7,9,7,6,13
9,6,19,7,10,7,14,0,7,6,10,1,18,14,15,18,14,5,15,8,7,17,15,13,14,7,9,7,6,13,9
6,19,7,10,7,14,0,7,6,10,1,18,14,15,18,14,5,15,8,7,17,15,13,14,7,9,7,6,13,9,4
19,7,10,7,14,0,7,6,10,1,18,14,15,18,14,5,15,8,7,17,15,13,14,7,9,7,6,13,9,4,18
7,10,7,14,0,7,6,10,1,18,14,15,18,14,5,15,8,7,17,15,13,14,7,9,7,6,13,9,4,18,3
10,7,14,0,7,6,10,1,18,14,15,18,14,5,15,8,7,17,15,13,14,7,9,7,6,13,9,4,18,3,11
7,14,0,7,6,10,1,18,14,15,18,14,5,15,8,7,17,15,13,14,7,9,7,6,13,9,4,18,3,11,18
14,0,7,6,10,1,18,14,15,18,14,5,15,8,7,17,15,13,14,7,9,7,6,13,9,4,18,3,11,18,10
0,7,6,10,1,18,14,15,18,14,5,15,8,7,17,15,13,14,7,9,7,6,13,9,4,18,3,11,18,10,5
7,6,10,1,18,14,15,18,14,5,15,8,7,17,15,13,14,7,9,7,6,13,9,4,18,3,11,18,10,5,0
6,10,1,18,14,15,18,14,5,15,8,7,17,15,13,14,7,9,7,6,13,9,4,18,3,11,18,10,5,0,3
10,1,18,14,15,18,14,5,15,8,7,17,15,13,14,7,9,7,6,13,9,4,18,3,11,18,10,5,0,3,13
1,18,14,15,18,14,5,15,8,7,17,15,13,14,7,9,7,6,13,9,4,18,3,11,18,10,5,0,3,13,11
18,14,15,18,14,5,15,8,7,17,15,13,14,7,9,7,6,13,9,4,18,3,11,18,10,5,0,3,13,11,0
14,15,18,14,5,15,8,7,17,15,13,14,7,9,7,6,13,9,4,18,3,11,18,10,5,0,3,13,11,0,0
15,18,14,5,15,8,7,17,15,13,14,7,9,7,6,13,9,4,18,3,11,18,10,5,0,3,13,11,0,0,0
18,14,5,15,8,7,17,15,13,14,7,9,7,6,13,9,4,18,3,11,18,10,5,0,3,13,11,0,0,0,0
14,5,15,8,7,17,15,13,14,7,9,7,6,13,9,4,18,3,11,18,10,5,0,3,13,11,0,0,0,0,0
5,15,8,7,17,15,13,14,7,9,7,6,13,9,4,18,3,11,18,10,5,0,3,13,11,0,0,0,0,0,19
15,8,7,17,15,13,14,7,9,7,6,13,9,4,18,3,11,18,10,5,0,3,13,11,0,0,0,0,0,19,7
8,7,17,15,13,14,7,9,7,6,13,9,4,18,3,11,18,10,5,0,3,13,11,0,0,0,0,0,19,7,8
7,17,15,13,14,7,9,7,6,13,9,4,18,3,11,18,10,5,0,3,13,11,0,0,0,0,0,19,7,8,14
17,15,13,14,7,9,7,6,13,9,4,18,3,11,18,10,5,0,3,13,11,0,0,0,0,0,19,7,8,14,6
15,13,14,7,9,7,6,13,9,4,18,3,11,18,10,5,0,3,13,11,0,0,0,0,0,19,7,8,14,6,17
13,14,7,9,7,6,13,9,4,18,3,11,18,10,5,0,3,13,11,0,0,0,0,0,19,7,8,14,6,17,6
14,7,9,7,6,13,9,4,18,3,11,18,10,5,0,3,13,11,0,0,0,0,0,19,7,8,14,6,17,6,13
7,9,7,6,13,9,4,18,3,11,18,10,5,0,3,13,11,0,0,0,0,0,19,7,8,14,6,17,6,13,14
9,7,6,13,9,4,18,3,11,18,10,5,0,3,13,11,0,0,0,0,0,19,7,8,14,6,17,6,13,14,2
7,6,13,9,4,18,3,11,18,10,5,0,3,13,11,0,0,0,0,0,19,7,8,14,6,17,6,13,14,2,3
6,13,9,4,18,3,11,18,10,5,0,3,13,11,0,0,0,0,0,19,7,8,14,6,17,6,13,14,2,3,0
13,9,4,18,3,11,18,10,5,0,3,13,11,0,0,0,0,0,19,7,8,14,6,17,6,13,14,2,3,0,7
9,4,18,3,11,18,10,5,0,3,13,11,0,0,0,0,0,19,7,8,14,6,17,6,13,14,2,3,0,7,5
4,18,3,11,18,10,5,0,3,13,11,0,0,0,0,0,19,7,8,14,6,17,6,13,14,2,3,0,7,5,18
18,3,11,18,10,5,0,3,13,11,0,0,0,0,0,19,7,8,14,6,17,6,13,14,2,3,0,7,5,18,2
3,11,18,10,5,0,3,13,11,0,0,0,0,0,19,7,8,14,6,17,6,13,14,2,3,0,7,5,18,2,3
11,18,10,5,0,3,13,11,0,0,0,0,0,19,7,8,14,6,17,6,13,14,2,3,0,7,5,18,2,3,16
18,10,5,0,3,13,11,0,0,0,0,0,19,7,8,14,6,17,6,13,14,2,3,0,7,5,18,2,3,16,14
10,5,0,3,13,11,0,0,0,0,0,19,7,8,14,6,17,6,13,14,2,3,0,7,5,18,2,3,16,14,6
5,0,3,13,11,0,0,0,0,0,19,7,8,14,6,17,6,13,14,2,3,0,7,5,18,2,3,16,14,6,1
0,3,13,11,0,0,0,0,0,19,7,8,14,6,17,6,13,14,2,3,0,7,5,18,2,3,16,14,6,1,16
3,13,11,0,0,0,0,0,19,7,8,14,6,17,6,13,14,2,3,0,7,5,18,2,3,16,14,6,1,16,5
13,11,0,0,0,0,0,19,7,8,14,6,17,6,13,14,2,3,0,7,5,18,2,3,16,14,6,1,16,5,13
11,0,0,0,0,0,19,7,8,14,6,17,6,13,14,2,3,0,7,5,18,2,3,16,14,6,1,16,5,13,13
0,0,0,0,0,19,7,8,14,6,17,6,13,14,2,3,0,7,5,18,2,3,16,14,6,1,16,5,13,13,1
0,0,0,0,19,7,8,14,6,17,6,13,14,2,3,0,7,5,18,2,3,16,14,6,1,16,5,13,13,1,3
0,0,0,19,7,8,14,6,17,6,13,14,2,3,0,7,5,18,2,3,16,14,6,1,16,5,13,13,1,3,2
0,0,19,7,8,14,6,17,6,13,14,2,3,0,7,5,18,2,3,16,14,6,1,16,5,13,13,1,3,2,7
0,19,7,8,14,6,17,6,13,14,2,3,0,7,5,18,2,3,16,14,6,1,16,5,13,13,1,3,2,7,16
19,7,8,14,6,17,6,13,14,2,3,0,7,5,18,2,3,16,14,6,1,16,5,13,13,1,3,2,7,16,18
7,8,14,6,17,6,13,14,2,3,0,7,5,18,2,3,16,14,6,1,16,5,13,13,1,3,2,7,16,18,10
8,14,6,17,6,13,14,2,3,0,7,5,18,2,3,16,14,6,1,16,5,13,13,1,3,2,7,16,18,10,15
14,6,17,6,13,14,2,3,0,7,5,18,2,3,16,14,6,1,16,5,13,13,1,3,2,7,16,18,10,15,6
6,17,6,13,14,2,3,0,7,5,18,2,3,16,14,6,1,16,5,13,13,1,3,2,7,16,18,10,15,6,11
17,6,13,14,2,3,0,7,5,18,2,3,16,14,6,1,16,5,13,13,1,3,2,7,16,18,10,15,6,11,7
6,13,14,2,3,0,7,5,18,2,3,16,14,6,1,16,5,13,13,1,3,2,7,16,18,10,15,6,11,7,1
13,14,2,3,0,7,5,18,2,3,16,14,6,1,16,5,13,13,1,3,2,7,16,18,10,15,6,11,7,1,13
14,2,3,0,7,5,18,2,3,16,14,6,1,16,5,13,13,1,3,2,7,16,18,10,15,6,11,7,1,13,13
2,3,0,7,5,18,2,3,16,14,6,1,16,5,13,13,1,3,2,7,16,18,10,15,6,11,7,1,13,13,10
3,0,7,5,18,2,3,16,14,6,1,16,5,13,13,1,3,2,7,16,18,10,15,6,11,7,1,13,13,10,0
0,7,5,18,2,3,16,14,6,1,16,5,13,13,1,3,2,7,16,18,10,15,6,11,7,1,13,13,10,0,17
7,5,18,2,3,16,14,6,1,16,5,13,13,1,3,2,7,16,18,10,15,6,11,7,1,13,13,10,0,17,18
5,18,2,3,16,14,6,1,16,5,13,13,1,3,2,7,16,18,10,15,6,11,7,1,13,13,10,0,17,18,15
18,2,3,16,14,6,1,16,5,13,13,1,3,2,7,16,18,10,15,6,11,7,1,13,13,10,0,17,18,15,2
2,3,16,14,6,1,16,5,13,13,1,3,2,7,16,18,10,15,6,11,7,1,13,13,10,0,17,18,15,2,2
3,16,14,6,1,16,5,13,13,1,3,2,7,16,18,10,15,6,11,7,1,13,13,10,0,17,18,15,2,2,10
16,14,6,1,16,5,13,13,1,3,2,7,16,18,10,15,6,11,7,1,13,13,10,0,17,18,15,2,2,10,9
14,6,1,16,5,13,13,1,3,2,7,16,18,10,15,6,11,7,1,13,13,10,0,17,18,15,2,2,10,9,11
6,1,16,5,13,13,1,3,2,7,16,18,10,15,6,11,7,1,13,13,10,0,17,18,15,2,2,10,9,11,8
1,16,5,13,13,1,3,2,7,16,18,10,15,6,11,7,1,13,13,10,0,17,18,15,2,2,10,9,11,8,7
16,5,13,13,1,3,2,7,16,18,10,15,6,11,7,1,13,13,10,0,17,18,15,2,2,10,9,11,8,7,3
5,13,13,1,3,2,7,16,18,10,15,6,11,7,1,13,13,10,0,17,18,15,2,2,10,9,11,8,7,3,1
13,13,1,3,2,7,16,18,10,15,6,11,7,1,13,13,10,0,17,18,15,2,2,10,9,11,8,7,3,1,9
13,1,3,2,7,16,18,10,15,6,11,7,1,13,13,10,0,17,18,15,2,2,10,9,11,8,7,3,1,9,10
1,3,2,7,16,18,10,15,6,11,7,1,13,13,10,0,17,18,15,2,2,10,9,11,8,7,3,1,9,10,3
3,2,7,16,18,10,15,6,11,7,1,13,13,10,0,17,18,15,2,2,10,9,11,8,7,3,1,9,10,3,6
2,7,16,18,10,15,6,11,7,1,13,13,10,0,17,18,15,2,2,10,9,11,8,7,3,1,9,10,3,6,0
7,16,18,10,15,6,11,7,1,13,13,10,0,17,18,15,2,2,10,9,11,8,7,3,1,9,10,3,6,0,2
16,18,10,15,6,11,7,1,13,13,10,0,17,18,15,2,2,10,9,11,8,7,3,1,9,10,3,6,0,2,11
18,10,15,6,11,7,1,13,13,10,0,17,18,15,2,2,10,9,11,8,7,3,1,9,10,3,6,0,2,11,19
10,15,6,11,7,1,13,13,10,0,17,18,15,2,2,10,9,11,8,7,3,1,9,10,3,6,0,2,11,19,13
15,6,11,7,1,13,13,10,0,17,18,15,2,2,10,9,11,8,7,3,1,9,10,3,6,0,2,11,19,13,10
6,11,7,1,13,13,10,0,17,18,15,2,2,10,9,11,8,7,3,1,9,10,3,6,0,2,11,19,13,10,7
11,7,1,13,13,10,0,17,18,15,2,2,10,9,11,8,7,3,1,9,10,3,6,0,2,11,19,13,10,7,18
7,1,13,13,10,0,17,18,15,2,2,10,9,11,8,7,3,1,9,10,3,6,0,2,11,19,13,10,7,18,11
1,13,13,10,0,17,18,15,2,2,10,9,11,8,7,3,1,9,10,3,6,0,2,11,19,13,10,7,18,11,19
13,13,10,0,17,18,15,2,2,10,9,11,8,7,3,1,9,10,3,6,0,2,11,19,13,10,7,18,11,19,5
13,10,0,17,18,15,2,2,10,9,11,8,7,3,1,9,10,3,6,0,2,11,19,13,10,7,18,11,19,5,10
10,0,17,18,15,2,2,10,9,11,8,7,3,1,9,10,3,6,0,2,11,19,13,10,7,18,11,19,5,10,0
0,17,18,15,2,2,10,9,11,8,7,3,1,9,10,3,6,0,2,11,19,13,10,7,18,11,19,5,10,0,9
17,18,15,2,2,10,9,11,8,7,3,1,9,10,3,6,0,2,11,19,13,10,7,18,11,19,5,10,0,9,11
18,15,2,2,10,9,11,8,7,3,1,9,10,3,6,0,2,11,19,13,10,7,18,11,19,5,10,0,9,11,9
15,2,2,10,9,11,8,7,3,1,9,10,3,6,0,2,11,19,13,10,7,18,11,19,5,10,0,9,11,9,0
2,2,10,9,11,8,7,3,1,9,10,3,6,0,2,11,19,13,10,7,18,11,19,5,10,0,9,11,9,0,7
2,10,9,11,8,7,3,1,9,10,3,6,0,2,11,19,13,10,7,18,11,19,5,10,0,9,11,9,0,7,19
10,9,11,8,7,3,1,9,10,3,6,0,2,11,19,13,10,7,18,11,19,5,10,0,9,11,9,0,7,19,8
9,11,8,7,3,1,9,10,3,6,0,2,11,19,13,10,7,18,11,19,5,10,0,9,11,9,0,7,19,8,17
11,8,7,3,1,9,10,3,6,0,2,11,19,13,10,7,18,11,19,5,10,0,9,11,9,0,7,19,8,17,17
8,7,3,1,9,10,3,6,0,2,11,19,13,10,7,18,11,19,5,10,0,9,11,9,0,7,19,8,17,17,18
7,3,1,9,10,3,6,0,2,11,19,13,10,7,18,11,19,5,10,0,9,11,9,0,7,19,8,17,17,18,11
3,1,9,10,3,6,0,2,11,19,13,10,7,18,11,19,5,10,0,9,11,9,0,7,19,8,17,17,18,11,19
1,9,10,3,6,0,2,11,19,13,10,7,18,11,19,5,10,0,9,11,9,0,7,19,8,17,17,18,11,19,14
9,10,3,6,0,2,11,19,13,10,7,18,11,19,5,10,0,9,11,9,0,7,19,8,17,17,18,11,19,14,15
10,3,6,0,2,11,19,13,10,7,18,11,19,5,10,0,9,11,9,0,7,19,8,17,17,18,11,19,14,15,8
3,6,0,2,11,19,13,10,7,18,11,19,5,10,0,9,11,9,0,7,19,8,17,17,18,11,19,14,15,8,0
6,0,2,11,19,13,10,7,18,11,19,5,10,0,9,11,9,0,7,19,8,17,17,18,11,19,14,15,8,0,0
0,2,11,19,13,10,7,18,11,19,5,10,0,9,11,9,0,7,19,8,17,17,18,11,19,14,15,8,0,0,6
2,11,19,13,10,7,18,11,19,5,10,0,9,11,9,0,7,19,8,17,17,18,11,19,14,15,8,0,0,6,10
11,19,13,10,7,18,11,19,5,10,0,9,11,9,0,7,19,8,17,17,18,11,19,14,15,8,0,0,6,10,16
19,13,10,7,18,11,19,5,10,0,9,11,9,0,7,19,8,17,17,18,11,19,14,15,8,0,0,6,10,16,0
13,10,7,18,11,19,5,10,0,9,11,9,0,7,19,8,17,17,18,11,19,14,15,8,0,0,6,10,16,0,7
10,7,18,11,19,5,10,0,9,11,9,0,7,19,8,17,17,18,11,19,14,15,8,0,0,6,10,16,0,7,18
7,18,11,19,5,10,0,9,11,9,0,7,19,8,17,17,18,11,19,14,15,8,0,0,6,10,16,0,7,18,18
18,11,19,5,10,0,9,11,9,0,7,19,8,17,17,18,11,19,14,15,8,0,0,6,10,16,0,7,18,18,2
11,19,5,10,0,9,11,9,0,7,19,8,17,17,18,11,19,14,15,8,0,0,6,10,16,0,7,18,18,2,10
19,5,10,0,9,11,9,0,7,19,8,17,17,18,11,19,14,15,8,0,0,6,10,16,0,7,18,18,2,10,8
5,10,0,9,11,9,0,7,19,8,17,17,18,11,19,14,15,8,0,0,6,10,16,0,7,18,18,2,10,8,3
10,0,9,11,9,0,7,19,8,17,17,18,11,19,14,15,8,0,0,6,10,16,0,7,18,18,2,10,8,3,1
0,9,11,9,0,7,19,8,17,17,18,11,19,14,15,8,0,0,6,10,16,0,7,18,18,2,10,8,3,1,3
9,11,9,0,7,19,8,17,17,18,11,19,14,15,8,0,0,6,10,16,0,7,18,18,2,10,8,3,1,3,7
11,9,0,7,19,8,17,17,18,11,19,14,15,8,0,0,6,10,16,0,7,18,18,2,10,8,3,1,3,7,18
9,0,7,19,8,17,17,18,11,19,14,15,8,0,0,6,10,16,0,7,18,18,2,10,8,3,1,3,7,18,1
0,7,19,8,17,17,18,11,19,14,15,8,0,0,6,10,16,0,7,18,18,2,10,8,3,1,3,7,18,1,16
7,19,8,17,17,18,11,19,14,15,8,0,0,6,10,16,0,7,18,18,2,10,8,3,1,3,7,18,1,16,9
19,8,17,17,18,11,19,14,15,8,0,0,6,10,16,0,7,18,18,2,10,8,3,1,3,7,18,1,16,9,0
8,17,17,18,11,19,14,15,8,0,0,6,10,16,0,7,18,18,2,10,8,3,1,3,7,18,1,16,9,0,1
17,17,18,11,19,14,15,8,0,0,6,10,16,0,7,18,18,2,10,8,3,1,3,7,18,1,16,9,0,1,12
17,18,11,19,14,15,8,0,0,6,10,16,0,7,18,18,2,10,8,3,1,3,7,18,1,16,9,0,1,12,10
18,11,19,14,15,8,0,0,6,10,16,0,7,18,18,2,10,8,3,1,3,7,18,1,16,9,0,1,12,10,11
11,19,14,15,8,0,0,6,10,16,0,7,18,18,2,10,8,3,1,3,7,18,1,16,9,0,1,12,10,11,1
19,14,15,8,0,0,6,10,16,0,7,18,18,2,10,8,3,1,3,7,18,1,16,9,0,1,12,10,11,1,8
14,15,8,0,0,6,10,16,0,7,18,18,2,10,8,3,1,3,7,18,1,16,9,0,1,12,10,11,1,8,1
15,8,0,0,6,10,16,0,7,18,18,2,10,8,3,1,3,7,18,1,16,9,0,1,12,10,11,1,8,1,0
8,0,0,6,10,16,0,7,18,18,2,10,8,3,1,3,7,18,1,16,9,0,1,12,10,11,1,8,1,0,15
0,0,6,10,16,0,7,18,18,2,10,8,3,1,3,7,18,1,16,9,0,1,12,10,11,1,8,1,0,15,9
0,6,10,16,0,7,18,18,2,10,8,3,1,3,7,18,1,16,9,0,1,12,10,11,1,8,1,0,15,9,2
6,10,16,0,7,18,18,2,10,8,3,1,3,7,18,1,16,9,0,1,12,10,11,1,8,1,0,15,9,2,13
10,16,0,7,18,18,2,10,8,3,1,3,7,18,1,16,9,0,1,12,10,11,1,8,1,0,15,9,2,13,16
16,0,7,18,18,2,10,8,3,1,3,7,18,1,16,9,0,1,12,10,11,1,8,1,0,15,9,2,13,16,4
0,7,18,18,2,10,8,3,1,3,7,18,1,16,9,0,1,12,10,11,1,8,1,0,15,9,2,13,16,4,0
7,18,18,2,10,8,3,1,3,7,18,1,16,9,0,1,12,10,11,1,8,1,0,15,9,2,13,16,4,0,6
18,18,2,10,8,3,1,3,7,18,1,16,9,0,1,12,10,11,1,8,1,0,15,9,2,13,16,4,0,6,12
18,2,10,8,3,1,3,7,18,1,16,9,0,1,12,10,11,1,8,1,0,15,9,2,13,16,4,0,6,12,1
2,10,8,3,1,3,7,18,1,16,9,0,1,12,10,11,1,8,1,0,15,9,2,13,16,4,0,6,12,1,3
10,8,3,1,3,7,18,1,16,9,0,1,12,10,11,1,8,1,0,15,9,2,13,16,4,0,6,12,1,3,15
8,3,1,3,7,18,1,16,9,0,1,12,10,11,1,8,1,0,15,9,2,13,16,4,0,6,12,1,3,15,6
3,1,3,7,18,1,16,9,0,1,12,10,11,1,8,1,0,15,9,2,13,16,4,0,6,12,1,3,15,6,5
1,3,7,18,1,16,9,0,1,12,10,11,1,8,1,0,15,9,2,13,16,4,0,6,12,1,3,15,6,5,14
3,7,18,1,16,9,0,1,12,10,11,1,8,1,0,15,9,2,13,16,4,0,6,12,1,3,15,6,5,14,14
7,18,1,16,9,0,1,12,10,11,1,8,1,0,15,9,2,13,16,4,0,6,12,1,3,15,6,5,14,14,3
18,1,16,9,0,1,12,10,11,1,8,1,0,15,9,2,13,16,4,0,6,12,1,3,15,6,5,14,14,3,0
1,16,9,0,1,12,10,11,1,8,1,0,15,9,2,13,16,4,0,6,12,1,3,15,6,5,14,14,3,0,12
16,9,0,1,12,10,11,1,8,1,0,15,9,2,13,16,4,0,6,12,1,3,15,6,5,14,14,3,0,12,15
9,0,1,12,10,11,1,8,1,0,15,9,2,13,16,4,0,6,12,1,3,15,6,5,14,14,3,0,12,15,0
0,1,12,10,11,1,8,1,0,15,9,2,13,16,4,0,6,12,1,3,15,6,5,14,14,3,0,12,15,0,14
1,12,10,11,1,8,1,0,15,9,2,13,16,4,0,6,12,1,3,15,6,5,14,14,3,0,12,15,0,14,6
12,10,11,1,8,1,0,15,9,2,13,16,4,0,6,12,1,3,15,6,5,14,14,3,0,12,15,0,14,6,6
10,11,1,8,1,0,15,9,2,13,16,4,0,6,12,1,3,15,6,5,14,14,3,0,12,15,0,14,6,6,10
11,1,8,1,0,15,9,2,13,16,4,0,6,12,1,3,15,6,5,14,14,3,0,12,15,0,14,6,6,10,19
1,8,1,0,15,9,2,13,16,4,0,6,12,1,3,15,6,5,14,14,3,0,12,15,0,14,6,6,10,19,5
8,1,0,15,9,2,13,16,4,0,6,12,1,3,15,6,5,14,14,3,0,12,15,0,14,6,6,10,19,5,5
1,0,15,9,2,13,16,4,0,6,12,1,3,15,6,5,14,14,3,0,12,15,0,14,6,6,10,19,5,5,19
0,15,9,2,13,16,4,0,6,12,1,3,15,6,5,14,14,3,0,12,15,0,14,6,6,10,19,5,5,19,10
15,9,2,13,16,4,0,6,12,1,3,15,6,5,14,14,3,0,12,15,0,14,6,6,10,19,5,5,19,10,15
9,2,13,16,4,0,6,12,1,3,15,6,5,14,14,3,0,12,15,0,14,6,6,10,19,5,5,19,10,15,0
2,13,16,4,0,6,12,1,3,15,6,5,14,14,3,0,12,15,0,14,6,6,10,19,5,5,19,10,15,0,7
13,16,4,0,6,12,1,3,15,6,5,14,14,3,0,12,15,0,14,6,6,10,19,5,5,19,10,15,0,7,17
16,4,0,6,12,1,3,15,6,5,14,14,3,0,12,15,0,14,6,6,10,19,5,5,19,10,15,0,7,17,1
4,0,6,12,1,3,15,6,5,14,14,3,0,12,15,0,14,6,6,10,19,5,5,19,10,15,0,7,17,1,6
0,6,12,1,3,15,6,5,14,14,3,0,12,15,0,14,6,6,10,19,5,5,19,10,15,0,7,17,1,6,7
6,12,1,3,15,6,5,14,14,3,0,12,15,0,14,6,6,10,19,5,5,19,10,15,0,7,17,1,6,7,10
12,1,3,15,6,5,14,14,3,0,12,15,0,14,6,6,10,19,5,5,19,10,15,0,7,17,1,6,7,10,2
1,3,15,6,5,14,14,3,0,12,15,0,14,6,6,10,19,5,5,19,10,15,0,7,17,1,6,7,10,2,19
3,15,6,5,14,14,3,0,12,15,0,14,6,6,10,19,5,5,19,10,15,0,7,17,1,6,7,10,2,19,15
15,6,5,14,14,3,0,12,15,0,14,6,6,10,19,5,5,19,10,15,0,7,17,1,6,7,10,2,19,15,4
6,5,14,14,3,0,12,15,0,14,6,6,10,19,5,5,19,10,15,0,7,17,1,6,7,10,2,19,15,4,6
5,14,14,3,0,12,15,0,14,6,6,10,19,5,5,19,10,15,0,7,17,1,6,7,10,2,19,15,4,6,2
14,14,3,0,12,15,0,14,6,6,10,19,5,5,19,10,15,0,7,17,1,6,7,10,2,19,15,4,6,2,0
14,3,0,12,15,0,14,6,6,10,19,5,5,19,10,15,0,7,17,1,6,7,10,2,19,15,4,6,2,0,10
3,0,12,15,0,14,6,6,10,19,5,5,19,10,15,0,7,17,1,6,7,10,2,19,15,4,6,2,0,10,14
0,12,15,0,14,6,6,10,19,5,5,19,10,15,0,7,17,1,6,7,10,2,19,15,4,6,2,0,10,14,1
12,15,0,14,6,6,10,19,5,5,19,10,15,0,7,17,1,6,7,10,2,19,15,4,6,2,0,10,14,1,18
15,0,14,6,6,10,19,5,5,19,10,15,0,7,17,1,6,7,10,2,19,15,4,6,2,0,10,14,1,18,3
0,14,6,6,10,19,5,5,19,10,15,0,7,17,1,6,7,10,2,19,15,4,6,2,0,10,14,1,18,3,14
14,6,6,10,19,5,5,19,10,15,0,7,17,1,6,7,10,2,19,15,4,6,2,0,10,14,1,18,3,14,16
6,6,10,19,5,5,19,10,15,0,7,17,1,6,7,10,2,19,15,4,6,2,0,10,14,1,18,3,14,16,0
6,10,19,5,5,19,10,15,0,7,17,1,6,7,10,2,19,15,4,6,2,0,10,14,1,18,3,14,16,0,18
10,19,5,5,19,10,15,0,7,17,1,6,7,10,2,19,15,4,6,2,0,10,14,1,18,3,14,16,0,18,2
19,5,5,19,10,15,0,7,17,1,6,7,10,2,19,15,4,6,2,0,10,14,1,18,3,14,16,0,18,2,16
5,5,19,10,15,0,7,17,1,6,7,10,2,19,15,4,6,2,0,10,14,1,18,3,14,16,0,18,2,16,9
5,19,10,15,0,7,17,1,6,7,10,2,19,15,4,6,2,0,10,14,1,18,3,14,16,0,18,2,16,9,10
19,10,15,0,7,17,1,6,7,10,2,19,15,4,6,2,0,10,14,1,18,3,14,16,0,18,2,16,9,10,1
10,15,0,7,17,1,6,7,10,2,19,15,4,6,2,0,10,14,1,18,3,14,16,0,18,2,16,9,10,1,2
15,0,7,17,1,6,7,10,2,19,15,4,6,2,0,10,14,1,18,3,14,16,0,18,2,16,9,10,1,2,0
0,7,17,1,6,7,10,2,19,15,4,6,2,0,10,14,1,18,3,14,16,0,18,2,16,9,10,1,2,0,1
7,17,1,6,7,10,2,19,15,4,6,2,0,10,14,1,18,3,14,16,0,18,2,16,9,10,1,2,0,1,14
17,1,6,7,10,2,19,15,4,6,2,0,10,14,1,18,3,14,16,0,18,2,16,9,10,1,2,0,1,14,8
1,6,7,10,2,19,15,4,6,2,0,10,14,1,18,3,14,16,0,18,2,16,9,10,1,2,0,1,14,8,7
6,7,10,2,19,15,4,6,2,0,10,14,1,18,3,14,16,0,18,2,16,9,10,1,2,0,1,14,8,7,9
7,10,2,19,15,4,6,2,0,10,14,1,18,3,14,16,0,18,2,16,9,10,1,2,0,1,14,8,7,9,2
10,2,19,15,4,6,2,0,10,14,1,18,3,14,16,0,18,2,16,9,10,1,2,0,1,14,8,7,9,2,5
2,19,15,4,6,2,0,10,14,1,18,3,14,16,0,18,2,16,9,10,1,2,0,1,14,8,7,9,2,5,15
19,15,4,6,2,0,10,14,1,18,3,14,16,0,18,2,16,9,10,1,2,0,1,14,8,7,9,2,5,15,7
15,4,6,2,0,10,14,1,18,3,14,16,0,18,2,16,9,10,1,2,0,1,14,8,7,9,2,5,15,7,14
4,6,2,0,10,14,1,18,3,14,16,0,18,2,16,9,10,1,2,0,1,14,8,7,9,2,5,15,7,14,14
6,2,0,10,14,1,18,3,14,16,0,18,2,16,9,10,1,2,0,1,14,8,7,9,2,5,15,7,14,14,6
2,0,10,14,1,18,3,14,16,0,18,2,16,9,10,1,2,0,1,14,8,7,9,2,5,15,7,14,14,6,8
0,10,14,1,18,3,14,16,0,18,2,16,9,10,1,2,0,1,14,8,7,9,2,5,15,7,14,14,6,8,11
10,14,1,18,3,14,16,0,18,2,16,9,10,1,2,0,1,14,8,7,9,2,5,15,7,14,14,6,8,11,10
14,1,18,3,14,16,0,18,2,16,9,10,1,2,0,1,14,8,7,9,2,5,15,7,14,14,6,8,11,10,13
1,18,3,14,16,0,18,2,16,9,10,1,2,0,1,14,8,7,9,2,5,15,7,14,14,6,8,11,10,13,7
18,3,14,16,0,18,2,16,9,10,1,2,0,1,14,8,7,9,2,5,15,7,14,14,6,8,11,10,13,7,13
3,14,16,0,18,2,16,9,10,1,2,0,1,14,8,7,9,2,5,15,7,14,14,6,8,11,10,13,7,13,16
14,16,0,18,2,16,9,10,1,2,0,1,14,8,7,9,2,5,15,7,14,14,6,8,11,10,13,7,13,16,18
16,0,18,2,16,9,10,1,2,0,1,14,8,7,9,2,5,15,7,14,14,6,8,11,10,13,7,13,16,18,10
0,18,2,16,9,10,1,2,0,1,14,8,7,9,2,5,15,7,14,14,6,8,11,10,13,7,13,16,18,10,1
18,2,16,9,10,1,2,0,1,14,8,7,9,2,5,15,7,14,14,6,8,11,10,13,7,13,16,18,10,1,10
2,16,9,10,1,2,0,1,14,8,7,9,2,5,15,7,14,14,6,8,11,10,13,7,13,16,18,10,1,10,15
16,9,10,1,2,0,1,14,8,7,9,2,5,15,7,14,14,6,8,11,10,13,7,13,16,18,10,1,10,15,2
9,10,1,2,0,1,14,8,7,9,2,5,15,7,14,14,6,8,11,10,13,7,13,16,18,10,1,10,15,2,5
10,1,2,0,1,14,8,7,9,2,5,15,7,14,14,6,8,11,10,13,7,13,16,18,10,1,10,15,2,5,10
1,2,0,1,14,8,7,9,2,5,15,7,14,14,6,8,11,10,13,7,13,16,18,10,1,10,15,2,5,10,19
2,0,1,14,8,7,9,2,5,15,7,14,14,6,8,11,10,13,7,13,16,18,10,1,10,15,2,5,10,19,6
0,1,14,8,7,9,2,5,15,7,14,14,6,8,11,10,13,7,13,16,18,10,1,10,15,2,5,10,19,6,7
1,14,8,7,9,2,5,15,7,14,14,6,8,11,10,13,7,13,16,18,10,1,10,15,2,5,10,19,6,7,5
14,8,7,9,2,5,15,7,14,14,6,8,11,10,13,7,13,16,18,10,1,10,15,2,5,10,19,6,7,5,2
8,7,9,2,5,15,7,14,14,6,8,11,10,13,7,13,16,18,10,1,10,15,2,5,10,19,6,7,5,2,18
7,9,2,5,15,7,14,14,6,8,11,10,13,7,13,16,18,10,1,10,15,2,5,10,19,6,7,5,2,18,19
9,2,5,15,7,14,14,6,8,11,10,13,7,13,16,18,10,1,10,15,2,5,10,19,6,7,5,2,18,19,2
2,5,15,7,14,14,6,8,11,10,13,7,13,16,18,10,1,10,15,2,5,10,19,6,7,5,2,18,19,2,13
5,15,7,14,14,6,8,11,10,13,7,13,16,18,10,1,10,15,2,5,10,19,6,7,5,2,18,19,2,13,11
15,7,14,14,6,8,11,10,13,7,13,16,18,10,1,10,15,2,5,10,19,6,7,5,2,18,19,2,13,11,16
7,14,14,6,8,11,10,13,7,13,16,18,10,1,10,15,2,5,10,19,6,7,5,2,18,19,2,13,11,16,13
14,14,6,8,11,10,13,7,13,16,18,10,1,10,15,2,5,10,19,6,7,5,2,18,19,2,13,11,16,13,19
14,6,8,11,10,13,7,13,16,18,10,1,10,15,2,5,10,19,6,7,5,2,18,19,2,13,11,16,13,19,3
6,8,11,10,13,7,13,16,18,10,1,10,15,2,5,10,19,6,7,5,2,18,19,2,13,11,16,13,19,3,1
8,11,10,13,7,13,16,18,10,1,10,15,2,5,10,19,6,7,5,2,18,19,2,13,11,16,13,19,3,1,12
11,10,13,7,13,16,18,10,1,10,15,2,5,10,19,6,7,5,2,18,19,2,13,11,16,13,19,3,1,12,8
10,13,7,13,16,18,10,1,10,15,2,5,10,19,6,7,5,2,18,19,2,13,11,16,13,19,3,1,12,8,0
13,7,13,16,18,10,1,10,15,2,5,10,19,6,7,5,2,18,19,2,13,11,16,13,19,3,1,12,8,0,2
7,13,16,18,10,1,10,15,2,5,10,19,6,7,5,2,18,19,2,13,11,16,13,19,3,1,12,8,0,2,10
13,16,18,10,1,10,15,2,5,10,19,6,7,5,2,18,19,2,13,11,16,13,19,3,1,12,8,0,2,10,14
16,18,10,1,10,15,2,5,10,19,6,7,5,2,18,19,2,13,11,16,13,19,3,1,12,8,0,2,10,14,1
18,10,1,10,15,2,5,10,19,6,7,5,2,18,19,2,13,11,16,13,19,3,1,12,8,0,2,10,14,1,3
10,1,10,15,2,5,10,19,6,7,5,2,18,19,2,13,11,16,13,19,3,1,12,8,0,2,10,14,1,3,14
1,10,15,2,5,10,19,6,7,5,2,18,19,2,13,11,16,13,19,3,1,12,8,0,2,10,14,1,3,14,18
10,15,2,5,10,19,6,7,5,2,18,19,2,13,11,16,13,19,3,1,12,8,0,2,10,14,1,3,14,18,19
15,2,5,10,19,6,7,5,2,18,19,2,13,11,16,13,19,3,1,12,8,0,2,10,14,1,3,14,18,19,3
2,5,10,19,6,7,5,2,18,19,2,13,11,16,13,19,3,1,12,8,0,2,10,14,1,3,14,18,19,3,14
5,10,19,6,7,5,2,18,19,2,13,11,16,13,19,3,1,12,8,0,2,10,14,1,3,14,18,19,3,14,12
10,19,6,7,5,2,18,19,2,13,11,16,13,19,3,1,12,8,0,2,10,14,1,3,14,18,19,3,14,12,0
19,6,7,5,2,18,19,2,13,11,16,13,19,3,1,12,8,0,2,10,14,1,3,14,18,19,3,14,12,0,14
6,7,5,2,18,19,2,13,11,16,13,19,3,1,12,8,0,2,10,14,1,3,14,18,19,3,14,12,0,14,10
7,5,2,18,19,2,13,11,16,13,19,3,1,12,8,0,2,10,14,1,3,14,18,19,3,14,12,0,14,10,14
5,2,18,19,2,13,11,16,13,19,3,1,12,8,0,2,10,14,1,3,14,18,19,3,14,12,0,14,10,14,1
2,18,19,2,13,11,16,13,19,3,1,12,8,0,2,10,14,1,3,14,18,19,3,14,12,0,14,10,14,1,15
18,19,2,13,11,16,13,19,3,1,12,8,0,2,10,14,1,3,14,18,19,3,14,12,0,14,10,14,1,15,7
19,2,13,11,16,13,19,3,1,12,8,0,2,10,14,1,3,14,18,19,3,14,12,0,14,10,14,1,15,7,14
2,13,11,16,13,19,3,1,12,8,0,2,10,14,1,3,14,18,19,3,14,12,0,14,10,14,1,15,7,14,6
13,11,16,13,19,3,1,12,8,0,2,10,14,1,3,14,18,19,3,14,12,0,14,10,14,1,15,7,14,6,9
11,16,13,19,3,1,12,8,0,2,10,14,1,3,14,18,19,3,14,12,0,14,10,14,1,15,7,14,6,9,15
16,13,19,3,1,12,8,0,2,10,14,1,3,14,18,19,3,14,12,0,14,10,14,1,15,7,14,6,9,15,9
13,19,3,1,12,8,0,2,10,14,1,3,14,18,19,3,14,12,0,14,10,14,1,15,7,14,6,9,15,9,6
19,3,1,12,8,0,2,10,14,1,3,14,18,19,3,14,12,0,14,10,14,1,15,7,14,6,9,15,9,6,12
3,1,12,8,0,2,10,14,1,3,14,18,19,3,14,12,0,14,10,14,1,15,7,14,6,9,15,9,6,12,9
1,12,8,0,2,10,14,1,3,14,18,19,3,14,12,0,14,10,14,1,15,7,14,6,9,15,9,6,12,9,10
12,8,0,2,10,14,1,3,14,18,19,3,14,12,0,14,10,14,1,15,7,14,6,9,15,9,6,12,9,10,5
8,0,2,10,14,1,3,14,18,19,3,14,12,0,14,10,14,1,15,7,14,6,9,15,9,6,12,9,10,5,0
0,2,10,14,1,3,14,18,19,3,14,12,0,14,10,14,1,15,7,14,6,9,15,9,6,12,9,10,5,0,0
2,10,14,1,3,14,18,19,3,14,12,0,14,10,14,1,15,7,14,6,9,15,9,6,12,9,10,5,0,0,5
10,14,1,3,14,18,19,3,14,12,0,14,10,14,1,15,7,14,6,9,15,9,6,12,9,10,5,0,0,5,14
14,1,3,14,18,19,3,14,12,0,14,10,14,1,15,7,14,6,9,15,9,6,12,9,10,5,0,0,5,14,11
1,3,14,18,19,3,14,12,0,14,10,14,1,15,7,14,6,9,15,9,6,12,9,10,5,0,0,5,14,11,9
3,14,18,19,3,14,12,0,14,10,14,1,15,7,14,6,9,15,9,6,12,9,10,5,0,0,5,14,11,9,5
14,18,19,3,14,12,0,14,10,14,1,15,7,14,6,9,15,9,6,12,9,10,5,0,0,5,14,11,9,5,14
18,19,3,14,12,0,14,10,14,1,15,7,14,6,9,15,9,6,12,9,10,5,0,0,5,14,11,9,5,14,13
19,3,14,12,0,14,10,14,1,15,7,14,6,9,15,9,6,12,9,10,5,0,0,5,14,11,9,5,14,13,14
3,14,12,0,14,10,14,1,15,7,14,6,9,15,9,6,12,9,10,5,0,0,5,14,11,9,5,14,13,14,13
14,12,0,14,10,14,1,15,7,14,6,9,15,9,6,12,9,10,5,0,0,5,14,11,9,5,14,13,14,13,5
12,0,14,10,14,1,15,7,14,6,9,15,9,6,12,9,10,5,0,0,5,14,11,9,5,14,13,14,13,5,6
0,14,10,14,1,15,7,14,6,9,15,9,6,12,9,10,5,0,0,5,14,11,9,5,14,13,14,13,5,6,8
14,10,14,1,15,7,14,6,9,15,9,6,12,9,10,5,0,0,5,14,11,9,5,14,13,14,13,5,6,8,16
10,14,1,15,7,14,6,9,15,9,6,12,9,10,5,0,0,5,14,11,9,5,14,13,14,13,5,6,8,16,3
14,1,15,7,14,6,9,15,9,6,12,9,10,5,0,0,5,14,11,9,5,14,13,14,13,5,6,8,16,3,10
1,15,7,14,6,9,15,9,6,12,9,10,5,0,0,5,14,11,9,5,14,13,14,13,5,6,8,16,3,10,14
15,7,14,6,9,15,9,6,12,9,10,5,0,0,5,14,11,9,5,14,13,14,13,5,6,8,16,3,10,14,19
7,14,6,9,15,9,6,12,9,10,5,0,0,5,14,11,9,5,14,13,14,13,5,6,8,16,3,10,14,19,7
14,6,9,15,9,6,12,9,10,5,0,0,5,14,11,9,5,14,13,14,13,5,6,8,16,3,10,14,19,7,14
6,9,15,9,6,12,9,10,5,0,0,5,14,11,9,5,14,13,14,13,5,6,8,16,3,10,14,19,7,14,16
9,15,9,6,12,9,10,5,0,0,5,14,11,9,5,14,13,14,13,5,6,8,16,3,10,14,19,7,14,16,7
15,9,6,12,9,10,5,0,0,5,14,11,9,5,14,13,14,13,5,6,8,16,3,10,14,19,7,14,16,7,7
9,6,12,9,10,5,0,0,5,14,11,9,5,14,13,14,13,5,6,8,16,3,10,14,19,7,14,16,7,7,12
6,12,9,10,5,0,0,5,14,11,9,5,14,13,14,13,5,6,8,16,3,10,14,19,7,14,16,7,7,12,7
12,9,10,5,0,0,5,14,11,9,5,14,13,14,13,5,6,8,16,3,10,14,19,7,14,16,7,7,12,7,7
9,10,5,0,0,5,14,11,9,5,14,13,14,13,5,6,8,16,3,10,14,19,7,14,16,7,7,12,7,7,5
10,5,0,0,5,14,11,9,5,14,13,14,13,5,6,8,16,3,10,14,19,7,14,16,7,7,12,7,7,5,0
5,0,0,5,14,11,9,5,14,13,14,13,5,6,8,16,3,10,14,19,7,14,16,7,7,12,7,7,5,0,6
0,0,5,14,11,9,5,14,13,14,13,5,6,8,16,3,10,14,19,7,14,16,7,7,12,7,7,5,0,6,7
0,5,14,11,9,5,14,13,14,13,5,6,8,16,3,10,14,19,7,14,16,7,7,12,7,7,5,0,6,7,14
5,14,11,9,5,14,13,14,13,5,6,8,16,3,10,14,19,7,14,16,7,7,12,7,7,5,0,6,7,14,16
14,11,9,5,14,13,14,13,5,6,8,16,3,10,14,19,7,14,16,7,7,12,7,7,5,0,6,7,14,16,4
11,9,5,14,13,14,13,5,6,8,16,3,10,14,19,7,14,16,7,7,12,7,7,5,0,6,7,14,16,4,7
9,5,14,13,14,13,5,6,8,16,3,10,14,19,7,14,16,7,7,12,7,7,5,0,6,7,14,16,4,7,20
5,14,13,14,13,5,6,8,16,3,10,14,19,7,14,16,7,7,12,7,7,5,0,6,7,14,16,4,7,20,20
14,13,14,13,5,6,8,16,3,10,14,19,7,14,16,7,7,12,7,7,5,0,6,7,14,16,4,7,20,20,20
13,14,13,5,6,8,16,3,10,14,19,7,14,16,7,7,12,7,7,5,0,6,7,14,16,4,7,20,20,20,20
14,13,5,6,8,16,3,10,14,19,7,14,16,7,7,12,7,7,5,0,6,7,14,16,4,7,20,20,20,20,20
13,5,6,8,16,3,10,14,19,7,14,16,7,7,12,7,7,5,0,6,7,14,16,4,7,20,20,20,20,20,20
5,6,8,16,3,10,14,19,7,14,16,7,7,12,7,7,5,0,6,7,14,16,4,7,20,20,20,20,20,20,20
6,8,16,3,10,14,19,7,14,16,7,7,12,7,7,5,0,6,7,14,16,4,7,20,20,20,20,20,20,20,20
8,16,3,10,14,19,7,14,16,7,7,12,7,7,5,0,6,7,14,16,4,7,20,20,20,20,20,20,20,20,20
16,3,10,14,19,7,14,16,7,7,12,7,7,5,0,6,7,14,16,4,7,20,20,20,20,20,20,20,20,20,20
3,10,14,19,7,14,16,7,7,12,7,7,5,0,6,7,14,16,4,7,20,20,20,20,20,20,20,20,20,20,20
10,14,19,7,14,16,7,7,12,7,7,5,0,6,7,14,16,4,7,20,20,20,20,20,20,20,20,20,20,20,20
14,19,7,14,16,7,7,12,7,7,5,0,6,7,14,16,4,7,20,20,20,20,20,20,20,20,20,20,20,20,20
19,7,14,16,7,7,12,7,7,5,0,6,7,14,16,4,7,20,20,20,20,20,20,20,20,20,20,20,20,20,20
7,14,16,7,7,12,7,7,5,0,6,7,14,16,4,7,20,20,20,20,20,20,20,20,20,20,20,20,20,20,20
